Date,Open,High,Low,Close,Volume
2020-10-12,18.6667,18.6667,18.6667,18.6667,6000
2020-10-13,18,18,15.5333,15.5333,18000
2020-10-16,17.7333,17.7333,17.3333,17.6667,60000
2020-11-02,16.6667,16.6667,16.6667,16.6667,12000
2020-11-03,16.6667,19,16.6667,19,30000
2020-11-04,16.5333,16.5333,16.5333,16.5333,6000
2020-11-09,16.7333,16.8,16.7333,16.8,12000
2020-11-10,15.3333,15.3333,15.3333,15.3333,6000
2020-11-11,15.2,15.2,15,15,12000
2020-11-12,17.3333,17.3333,17.3333,17.3333,6000
2020-11-24,17.4667,17.4667,17.4667,17.4667,6000
2020-11-26,17.5333,17.6,17.5333,17.6,12000
2020-12-01,17.6,17.6667,17.6,17.6667,12000
2020-12-03,17.7333,17.7333,17.7333,17.7333,6000
2020-12-04,17.6667,17.6667,17.6667,17.6667,6000
2020-12-07,17.6,17.6,17.6,17.6,6000
2020-12-10,17.6333,17.6333,17.6333,17.6333,6000
2020-12-11,17.4667,17.4667,17.4667,17.4667,6000
2020-12-15,17.6,17.6,17.6,17.6,6000
2020-12-16,17.7333,17.7333,17.7333,17.7333,6000
2020-12-18,17.7333,17.7333,17.7333,17.7333,6000
2020-12-23,17.8667,17.8667,17.8667,17.8667,6000
2020-12-29,17.8667,17.8667,17.8667,17.8667,6000
2020-12-31,18.6667,18.6667,18.6667,18.6667,6000
2021-01-04,18,18,18,18,6000
2021-01-05,17.8667,17.8667,17.8667,17.8667,6000
2021-01-06,17.6667,17.6667,17.6667,17.6667,6000
2021-01-07,18,18,18,18,6000
2021-01-08,18,18,18,18,6000
2021-01-11,17.9333,18.1333,17.9333,18.1333,12000
2021-01-12,18,18.0667,18,18.0667,18000
2021-01-13,18.1333,18.2667,18.1333,18.2667,18000
2021-01-14,18.2,18.2,18.2,18.2,6000
2021-01-15,18.0667,18.0667,18.0667,18.0667,6000
2021-01-18,18.2,18.3333,18.0667,18.3333,18000
2021-01-19,18.4,18.4,18.4,18.4,6000
2021-01-20,18.1333,18.4667,18.1333,18.4667,18000
2021-01-21,18.1333,18.3333,18.0667,18.0667,30000
2021-01-27,18.4,18.4,18.1333,18.1333,12000
2021-01-28,18.4667,18.4667,18.3333,18.3333,12000
2021-01-29,18.5333,18.5333,18.2667,18.2667,12000
2021-02-01,18.2,18.5333,18.2,18.5333,12000
2021-02-09,21.3333,21.4667,21.3333,21.4667,12000
2021-02-12,19.1333,19.3333,19.1333,19.3333,12000
2021-02-15,19,20.5333,19,20.3333,30000
2021-02-16,19.6667,20.0667,19.6667,20.0667,18000
2021-02-17,20.1333,20.6667,20.1333,20.6667,30000
2021-02-18,16.8,17,16.8,17,12000
2021-02-19,15.7667,18.6667,15.0333,15.4667,54000
2021-02-23,13.5667,17,13.5667,17,12000
2021-02-24,14.7333,16.3333,14.7333,15.5333,12000
2021-02-26,14.3667,14.3667,14.3667,14.3667,6000
2021-03-02,15.0667,15.0667,14.8667,14.8667,30000
2021-03-08,13.4,17.4,13.2,15.3333,24000
2021-03-09,18.4,18.4,15.4,15.4,24000
2021-03-10,15.6,15.6,15.6,15.6,30000
2021-03-15,16.2667,16.2667,16.1333,16.2,12000
2021-03-16,16.9333,16.9333,16.9333,16.9333,12000
2021-03-17,15.1333,18,15.1333,18,12000
2021-03-18,8.7333,9.3333,8.7333,9.0333,24000
2021-03-19,9.6667,9.6667,9.6667,9.6667,12000
2021-03-22,7.8,11.6,7.7333,11.6,108000
2021-03-23,11.6,12.2667,11.6,12.2667,24000
2021-03-24,12.6667,12.9333,12.4,12.9333,36000
2021-03-25,14.1333,14.1333,14.1333,14.1333,12000
2021-03-26,14.2667,15.4667,14.2667,15.4667,24000
2021-03-30,15.9667,16.0667,15.9667,16.0667,60000
2021-03-31,15.2667,16.8667,15.2667,16.8333,72000
2021-04-01,16,17,16,16.6333,72000
2021-04-05,17.3333,17.4,17.3333,17.3667,48000
2021-04-06,18.1667,18.1667,18,18.0667,60000
2021-04-07,18.3333,18.3667,18.3,18.3667,36000
2021-04-08,18,18.0667,18,18.0667,36000
2021-04-09,18.0667,18.1667,18.0667,18.1667,36000
2021-04-13,17.2667,18.2,17.2667,18.2,48000
2021-04-15,18.1333,18.2,18.1333,18.2,36000
2021-04-16,18,18.0667,18,18.0667,36000
2021-04-23,17.8333,17.9,17.8333,17.9,36000
2021-04-26,17.8667,17.9333,17.8667,17.9333,36000
2021-04-27,17.5333,17.6,17.5333,17.6,48000
2021-04-28,16.7333,16.7333,16.7333,16.7333,12000
2021-04-29,17.1667,17.1667,16.8333,16.8333,36000
2021-04-30,17.3,17.3,16.8,16.9,36000
2021-05-03,17.5667,17.5667,16.8333,16.9333,36000
2021-05-04,17.3,17.3,16.6667,17,36000
2021-05-14,16.9333,16.9333,16.9333,16.9333,12000
2021-05-19,16.8333,16.8333,16.8333,16.8333,12000
2021-06-01,16,16,16,16,12000
2021-06-07,16.6667,16.6667,16.6667,16.6667,12000
2021-06-08,16.7333,16.7333,16.7333,16.7333,12000
2021-06-09,16.7333,16.7333,16.7333,16.7333,12000
2021-06-17,16.7333,16.7333,16.7333,16.7333,12000
2021-06-25,17.4,17.4,17.4,17.4,12000
2021-07-01,17.6667,17.6667,17.6667,17.6667,12000
2021-07-07,16.8667,16.8667,16.8667,16.8667,24000
2021-07-08,16.8333,17.6667,16.8333,17.2333,24000
2021-07-23,18,18,18,18,12000
2021-07-28,17.6667,17.6667,17.6667,17.6667,12000
2021-08-02,17.8,17.8,17.8,17.8,12000
2021-08-03,17.8667,17.8667,17.8667,17.8667,12000
2021-08-04,18,18.7,18,18.7,24000
2021-08-05,18.3333,18.3333,18.3333,18.3333,12000
2021-08-10,18.6667,18.6667,18.6667,18.6667,12000
2021-08-11,19,19,19,19,12000
2021-08-12,19.8667,19.8667,19.8667,19.8667,24000
2021-08-13,20.8,20.8,20.8,20.8,12000
2021-08-16,19.7667,19.7667,19.7667,19.7667,12000
2021-08-25,19.6667,19.6667,19.6667,19.6667,12000
2021-08-26,20.6333,20.6333,20.6333,20.6333,12000
2021-08-30,21.6,21.6,21.6,21.6,12000
2021-09-03,21.6667,21.6667,21.6667,21.6667,12000
2021-09-24,22,22,22,22,12000
2021-10-11,23.0667,23.0667,23.0667,23.0667,12000
2021-10-19,23.4,23.4,23.4,23.4,12000
2021-10-21,24.5333,24.5333,23.4333,24.5333,48000
2021-10-22,25.7333,25.7333,25.7333,25.7333,2325
2021-10-25,27,27,27,27,3750
2021-10-26,28.3333,28.3333,26.8667,28.3333,86779
2021-10-27,29.7,29.7333,29.6667,29.7333,14004
2021-10-28,31.2,31.2,31.2,31.2,20769
2021-10-29,32.7333,32.7333,32.7333,32.7333,11536
2021-11-01,34.3667,34.3667,33.4667,34.3667,22674
2021-11-02,36.0667,36.0667,36.0667,36.0667,3256
2021-11-03,37.8667,37.8667,37.8667,37.8667,11587
2021-11-04,39.7333,39.7333,39.7333,39.7333,4614
2021-11-08,41.7,41.7,39.7333,41.7,32811
2021-11-09,43.7667,43.7667,42.9667,43.7667,16222
2021-11-10,45.9333,45.9333,45.9333,45.9333,10099
2021-11-11,48.2,48.2,48.2,48.2,19174
2021-11-12,50.6,50.6,50.6,50.6,12409
2021-11-15,53.1,53.1,48.1,48.1,36625
2021-11-16,45.7,45.7,45.7,45.7,6106
2021-11-17,43.4333,43.4333,43.4333,43.4333,21642
2021-11-18,41.2667,41.2667,41.2667,41.2667,16000
2021-11-22,39.2333,39.2333,39.2333,39.2333,8529
2021-11-23,37.3,37.3,37.3,37.3,8505
2021-11-24,35.8,39.1333,35.8,39.1333,63013
2021-11-25,40.6667,40.6667,37.2,38.0333,40848
2021-11-26,36.2,36.7,36.1333,36.1333,16378
2021-11-29,34.3333,36.5333,34.3333,34.3333,10462
2021-11-30,32.6333,36,32.6333,33.6333,28470
2021-12-01,35.2667,35.3,32,32.5,18528
2021-12-02,32.4667,32.8667,30.9,31.3,21166
2021-12-03,30.9,31.7333,29.7667,30.7,14352
2021-12-06,31,31.6667,30.2333,30.7,6325
2021-12-07,30.0333,32.2333,30.0333,32.2333,14110
2021-12-08,33.8333,33.8333,32.3333,33.8333,10755
2021-12-09,35.5,35.5,35.5,35.5,3055
2021-12-10,37.2667,37.2667,37.2667,37.2667,9264
2021-12-13,39.1,39.1,39.1,39.1,6838
2021-12-14,41.0333,41.0333,37.2,41.0333,38761
2021-12-15,42,43.0667,41.0667,43.0667,32145
2021-12-16,45.2,45.2,44.3667,45.2,25152
2021-12-17,46.6333,47.4333,43,43.6667,95722
2021-12-20,41.7333,42.7333,41.5,41.5,10899
2021-12-21,39.5,43.5667,39.5,43.5667,23688
2021-12-22,45.7333,45.7333,42.6667,45.2,31534
2021-12-23,45.9333,47.2667,44.0333,46.2333,19083
2021-12-24,45.0667,47.2,45.0667,45.9333,13683
2021-12-27,45.3333,48.0667,43.7333,45.1333,17416
2021-12-28,46.6667,47.1667,43.4333,44.1333,26043
2021-12-29,45.6667,45.6667,42.6333,45.1333,4912
2021-12-30,46.0667,47.3,43.4,43.9667,19629
2021-12-31,42.6,45.5333,42.6,43.4333,5722
2022-01-03,42.6667,45.6,42.6333,44.7667,6438
2022-01-04,44.6333,46.5667,43.9667,45.8,10335
2022-01-05,44.0333,45.9667,44.0333,44.4667,10128
2022-01-06,44.1,45.6,43.0333,44.2,20569
2022-01-07,45.5333,46.4,43.6333,45.6,20593
2022-01-10,45.6333,47.6667,45.6333,46.9667,15819
2022-01-11,47.3,48.6667,45.4333,47.1,31422
2022-01-12,47.3333,48.6667,46.6667,47.2333,8548
2022-01-13,47.0667,49.1667,46.0333,47.6667,6931
2022-01-14,47.6667,48.0333,46,46.9,10729
2022-01-17,46.8667,48.1,44.7667,46.8,11658
2022-01-18,46.8,48.1333,44.8667,46.0333,6904
2022-01-19,48,48,44.1,46.1667,6820
2022-01-20,44.0333,47.7,44.0333,45.7667,8437
2022-01-21,45.3333,47.3333,44.7667,46.3667,1735
2022-01-24,45.4667,45.8333,44.0667,44.0667,7953
2022-01-25,42,45.2,41.8667,41.8667,4243
2022-01-27,41.8667,42.9667,39.8,39.8667,7837
2022-01-28,39.3333,41.3333,38.0667,39.4333,4894
2022-01-31,41.1667,41.1667,39,40.4667,2946
2022-02-01,39.2,40,38.7667,39.3,945
2022-02-02,38.8,39.8333,38,38.6333,5115
2022-02-03,38.2667,39.6667,37.4,37.7,2289
2022-02-04,37.4,38.7333,36,37.6,3454
2022-02-07,39.3333,39.3333,37.4333,38.2667,1965
2022-02-08,37.1,39.9,36.6667,37.6,3591
2022-02-09,39.4667,39.4667,37.3333,38.8,6736
2022-02-10,39.2667,40.5,37.6667,39.1667,7014
2022-02-11,40.3,40.3333,37.2333,37.2333,8308
2022-02-14,37.2,38.4667,35.4,35.4,1564
2022-02-15,35.3667,37.1,33.6333,36.8,9697
2022-02-16,37.8333,38.2667,36.0667,37.8667,1333
2022-02-17,38.6667,39.3333,36.7,36.9333,3010
2022-02-18,38.6,38.6,35.5333,37.8333,1669
2022-02-21,37.1,39,35.9667,35.9667,1783
2022-02-22,34.2333,36.6333,34.2,36.4,901
2022-02-23,35.3667,36.6,35.1,35.9667,1660
2022-02-24,35.9333,35.9333,34.2,35.3333,1554
2022-02-25,33.6,35.2667,33.5667,35.1,2077
2022-02-28,36,36,33.4,34.1667,2379
2022-03-02,34.1667,35.6667,32.7333,34.0333,1362
2022-03-03,35.6333,35.6667,33.3333,33.7333,10090
2022-03-04,32.8333,35.4,32.2333,35.2667,2068
2022-03-07,35.9333,36,33.6,33.7667,3060
2022-03-08,35.3,35.4333,32.2333,35.4333,2904
2022-03-09,37.2,37.2,34.0333,36.4,4648
2022-03-10,36.0667,38.2,36.0667,37.9,1149
2022-03-11,39.7667,39.7667,36.1667,38.4,5232
2022-03-14,39.9667,40.3,37.0333,40.2667,7366
2022-03-15,40.0333,42.2667,38.8,40.5667,5953
2022-03-16,38.7,42.3,38.7,40.1667,4981
2022-03-17,41.0333,41.9333,38.9333,41.3667,8644
2022-03-21,43.2667,43.2667,40.0333,40.5,4360
2022-03-22,40,41,38.5,38.9,673
2022-03-23,40.3,40.8333,37.7333,40.8333,8842
2022-03-24,40.1333,42.3,38.8667,40.3333,4366
2022-03-25,38.4333,41.9667,38.4333,39.5667,636
2022-03-28,38.4667,41.3333,37.6667,37.7667,3991
2022-03-29,37.3333,37.3667,35.9333,36.1667,5728
2022-03-30,35.7667,35.7667,34.3667,35.1667,3508
2022-03-31,34.6667,36.5667,33.4667,36.3333,1134
2022-04-01,37.0667,37.6667,34.7333,35.9667,2202
2022-04-04,35.9667,37.0667,34.4333,36.5,2136
2022-04-05,35.3333,38.3,35.1333,37.6,3985
2022-04-06,38.9667,38.9667,36.7667,37.4,3013
2022-04-07,38.1333,39.4,34.3333,36,7882
2022-04-08,38.1667,38.1667,35.3667,36.3333,4684
2022-04-11,38.3333,39.8,34.9,36.4667,10524
2022-04-12,39.2,39.2,35.5667,37.5,2487
2022-04-13,38.3,38.3,36.2,36.5667,2142
2022-04-18,38.2333,38.2333,35.6,36.3333,3570
2022-04-19,35.9,37.8333,35.9,36.1667,4008
2022-04-20,37.4,38.7333,33.6667,35.1,7788
2022-04-21,37.8333,37.8333,34.2,35.6667,4500
2022-04-22,34.4667,38.5333,34.4667,37.2,5779
2022-04-25,37.2,39,35.6667,37.8333,4255
2022-04-26,40.6667,40.6667,37.1333,39.1333,14557
2022-04-27,40.6333,43.0333,35.7667,41.6,26713
2022-04-28,42.4333,45.7333,41,41.6667,22827
2022-04-29,43.3333,45.5667,39.6333,40.1,17077
2022-05-02,40.9,40.9,36.3333,37.1,25710
2022-05-04,35.4667,38.2333,33.6667,35.9,5077
2022-05-05,34.2333,38,34.2333,35.7333,2188
2022-05-06,37.3667,37.4,33.6,36.3333,2566
2022-05-09,37.2,39.0333,36,37.8667,7308
2022-05-10,37.9,37.9333,35.3333,35.5,5086
2022-05-11,35,36.8,32.2667,35.2,1930
2022-05-12,34.3333,36.8,34.3333,35.9667,615
2022-05-13,37.9333,37.9333,36.2667,36.6667,390
2022-05-16,35.9333,36,34,35.1333,1720
2022-05-17,37.9333,37.9333,34.7333,36.5333,555
2022-05-18,36.0333,36.6667,35.0333,35.3667,300
2022-05-19,33.4,36.4,33.4,34.3667,933
2022-05-20,33.7333,35.6667,33.6667,34,8785
2022-05-23,35.3,35.3,31.9,33.8,813
2022-05-24,34.6,34.6,32.0667,32.1667,382
2022-05-25,33.9667,34.3333,31.3333,32.3333,4621
2022-05-26,33,33,29.1,29.7667,5817
2022-05-27,31.3,32.7333,31.2667,32.6333,3763
2022-05-30,29.4,32.6667,29.4,29.9333,11758
2022-05-31,31.9333,31.9333,29.9667,31.5333,5319
2022-06-01,32.6667,32.6667,30.5333,30.7333,1887
2022-06-02,30.4667,31.3,30.0333,30.4667,8781
2022-06-03,32.4333,33.5,28.1667,29.9667,4794
2022-06-06,29.6,31.5667,29.0667,30.4667,2160
2022-06-07,32.2667,32.2667,31.2667,31.9667,1884
2022-06-08,31.9333,31.9333,31.6667,31.7,628
2022-06-09,31.7,31.8667,30.4333,31.8333,972
2022-06-10,31.7667,31.7667,31.3333,31.6667,349
2022-06-13,31.6667,31.6667,28.1333,29.5333,1336
2022-06-14,31.9667,32,29.3333,30.6667,1698
2022-06-15,32.5667,36.8,31.0333,36.8,37555
2022-06-16,42,44.1333,40.0667,43.7333,476842
2022-06-17,45.0667,48.6667,39.4667,40.8,754903
2022-06-20,40.6667,41.1333,33.3,34.2333,92160
2022-06-21,34.2333,36.2667,31.4667,33.6,38574
2022-06-22,34.2667,39.6667,31.4667,36.2,26500
2022-06-23,35.9333,36.2,34.1333,34.8,18690
2022-06-24,34.8,35.9667,33.4,35.0333,18234
2022-06-27,35.0333,35.9333,33.5,34.2667,13314
2022-06-28,33.4,35.5667,32.7,33.4667,36129
2022-06-29,32.8,35.1667,32.8,34.6333,10927
2022-06-30,34.5667,34.5667,32.6667,33.3667,4062
2022-07-01,32.6667,34.5,32.1333,33.6333,4774
2022-07-04,33.3333,34.3333,32.2,33.2667,9042
2022-07-05,33.9333,33.9333,32.8333,33.1,5079
2022-07-06,33.3,33.3,31.9667,32.4,11061
2022-07-07,33.2,33.2,28.9,32,17427
2022-07-08,31,33.1667,31,32.1667,4737
2022-07-11,31.0667,32.9667,31.0667,32.0333,1126
2022-07-12,33,33,31,31.1667,9024
2022-07-13,32.6,33,30.3333,32.4667,19399
2022-07-14,32.1333,32.3,30,30.6333,16185
2022-07-15,31.9333,31.9333,30,30.6333,10071
2022-07-18,30.6333,31.7,30,30.0333,7282
2022-07-19,30.0333,31.2,28.8667,30,10330
2022-07-20,31.3333,31.3333,28.9667,29.1667,18415
2022-07-21,30.1667,30.1667,28.2333,29.8,15295
2022-07-22,30.2,30.6333,29.7,30.2,9889
2022-07-25,28.8333,30.6333,28.8333,30.6,1909
2022-07-26,30.6,30.6,28.6667,28.8667,8326
2022-07-27,29.0333,34.6333,29,34.6333,137137
2022-07-28,39.6,41.5333,37.3667,41.3333,521835
2022-07-29,41.0667,41.0667,37.3333,38.0333,147174
2022-08-01,38.8667,39.3,36.4667,37.0667,21249
2022-08-02,35.6667,37.8333,34.6667,35.3667,17292
2022-08-03,34.7,41.2667,34.7,37.0667,199308
2022-08-04,37.3333,38.6,35.5667,36.0333,31623
2022-08-05,35.4667,36.9333,34.7,35.1333,18853
2022-08-08,35.1333,36.5,34.2,34.6333,16047
2022-08-10,34.7333,37.2,34.7333,36.5,27861
2022-08-11,38.5,38.5,35.4667,36.4333,35388
2022-08-12,35.7333,37.4667,35.7333,36.8667,10614
2022-08-16,40,40,37.3333,38.7333,25711
2022-08-17,39.9667,40.1667,38,39.5667,23815
2022-08-18,40.2667,40.2667,38.5667,38.8333,11049
2022-08-19,40.2,46.6,39.5,46.6,135367
2022-08-22,51.6667,55.9,51.4333,55.9,581083
2022-08-23,60.3667,61.4667,57.5,59.2,623278
2022-08-24,63.3333,65.1,62.6667,65.1,150874
2022-08-25,71.5667,71.6,65.2333,69.8,854358
2022-08-26,70.5333,76.7667,70.5333,76.6667,573285
2022-08-29,74,78.6667,72.8333,72.9667,601294
2022-08-30,71.5667,75.6667,70.3667,74.0333,139743
2022-09-01,75.7333,75.7333,70.7333,72.3333,101796
2022-09-02,72.3333,74,68.7333,68.7333,91590
2022-09-05,65.4667,68,65.3,65.3,70873
2022-09-06,63,68.5333,62.0667,68.5333,165045
2022-09-07,71.3333,71.9333,70,71.9333,68508
2022-09-08,75.5,75.5,75.5,75.5,32520
2022-09-09,79.2667,79.2667,77.7667,79.2667,80343
2022-09-12,83.2,83.2,76.8333,83.2,357639
2022-09-13,85.3333,87.3333,83.2,87.3333,234534
2022-09-14,88.9667,91.7,87.3333,91.7,78162
2022-09-15,96.2667,96.2667,92.6,96.2667,304035
2022-09-16,100.6,101.0667,98.2,101.0667,243213
2022-09-19,106.1,106.1,106.1,106.1,73831
2022-09-20,111.4,111.4,110.9,111.4,110464
2022-09-21,115.3,115.3,105.8333,105.8333,408343
2022-09-22,100.5667,100.5667,100.5667,100.5667,27972
2022-09-23,95.5667,96.6667,95.5667,95.5667,62355
2022-09-26,90.8,100.3333,90.8,90.8,271669
2022-09-27,89.4,95.2333,86.2667,87.0333,137748
2022-09-28,87.0333,91.3667,86.0667,91.3667,73966
2022-09-29,94.6667,95.9333,94,95.9333,56193
2022-09-30,96,99.1333,91.1667,93.6667,285858
2022-10-03,96.4667,97.9,93.3333,94.6333,83808
2022-10-04,98.6,98.6667,92.7,93.9333,66138
2022-10-06,94.7,95.2333,90.7,92.9,72367
2022-10-07,95.9333,95.9333,88.6667,89.4667,70090
2022-10-10,88,91.3333,86.7333,88.0333,54754
2022-10-11,90.6,92.4333,88.3333,92.4333,97848
2022-10-12,97.0333,97.0333,94.6667,97.0333,96934
2022-10-13,100.3333,101.8667,93.6333,101.8,235548
2022-10-14,104.6,104.6,96.7333,97.9,149749
2022-10-17,97.9,100,94.1,95.5667,51550
2022-10-18,99.2,99.2,93.3333,94.4,56247
2022-10-19,96.4667,96.6,89.7,93.7333,43918
2022-10-20,91.5667,96,91.5667,93.6333,55252
2022-10-21,88.9667,91.2667,88.9667,88.9667,120366
2022-10-24,85.6667,88.9667,84.5333,86.8,66051
2022-10-25,88.3667,91.1333,87.4333,91.1333,58483
2022-10-27,95.6667,95.6667,94.0667,95.6667,143070
2022-10-28,100.4,100.4,100.4,100.4,12632
2022-10-31,105.4,105.4,105.4,105.4,26379
2022-11-01,110.65,110.65,110.65,110.65,19490
2022-11-02,105.35,112.45,105.35,106.9,208664
2022-11-03,108.5,108.5,102.3,107.65,40275
2022-11-04,106,113,106,113,29264
2022-11-07,118.65,118.65,118.65,118.65,22170
2022-11-09,124.55,124.55,118.55,123.85,120371
2022-11-10,123.2,130,117.7,130,174975
2022-11-11,134.8,136.5,133.1,136.4,166098
2022-11-14,138.4,138.4,129.6,129.6,139384
2022-11-15,123.15,123.15,123.15,123.15,14346
2022-11-16,117,123,117,117,170658
2022-11-17,111.15,111.15,111.15,111.15,21983
2022-11-18,105.6,116.7,105.6,116.7,62400
2022-11-21,118.95,119,112,114.4,51810
2022-11-22,117,117,108.7,110.55,46458
2022-11-23,110.65,113.5,106,111.85,24540
2022-11-24,113.4,113.4,107,109.15,23328
2022-11-25,109,112,108,110.4,24084
2022-11-28,112.1,113,108,108.9,27159
2022-11-29,108.9,110,106.3,107.8,21992
2022-11-30,106.6,111.45,106.5,107.45,19377
2022-12-01,106.5,110,106,107.8,24152
2022-12-02,111,111,106.15,108.4,11934
2022-12-05,110.45,113.8,109,113.8,25737
2022-12-06,118.7,119.45,114,119.25,88797
2022-12-07,119,119,113.3,116.85,46813
2022-12-08,116.85,118,111.05,114.05,35851
2022-12-09,114.35,116.9,108.35,111.55,19770
2022-12-12,114.5,115,111.55,112.25,20446
2022-12-13,112.25,114.85,108,110,20176
2022-12-14,110,112.9,110,112.2,16789
2022-12-15,114,114,109,112.3,20156
2022-12-16,112.3,112.3,108,111.05,14361
2022-12-19,111.05,116,111,111.85,15032
2022-12-20,113.2,113.2,108.05,111.4,18250
2022-12-21,113,113,107,108.1,29776
2022-12-22,102.7,102.7,102.7,102.7,14843
2022-12-23,97.6,97.6,97.6,97.6,12212
2022-12-26,92.75,102.45,92.75,102.45,38642
2022-12-27,107.55,107.55,101,104.85,28383
2022-12-28,105.5,105.5,101.1,103.15,19765
2022-12-29,103,104.55,103,103.6,12193
2022-12-30,103.6,105.5,100,101.8,20822
2023-01-02,104.5,104.5,100.05,102.8,17875
2023-01-03,101,104.5,101,103.5,14949
2023-01-04,103.5,104,100,101.55,14623
2023-01-05,101,103.4,100.15,101.1,11936
2023-01-06,98.5,100.5,96.85,99.35,13137
2023-01-09,101.95,104,99.45,100.05,12576
2023-01-10,104,104,97,101.25,13712
2023-01-11,103.9,103.9,100.35,101.9,11500
2023-01-12,101.9,102.8,98,100.6,11985
2023-01-13,100.55,101,97.9,100.75,10802
2023-01-16,103.75,103.75,100.1,101.4,19957
2023-01-17,102,104.1,101.5,102.85,22921
2023-01-18,104.9,104.9,103.5,103.9,9941
2023-01-19,104.8,104.8,100.8,102,13238
2023-01-20,104.9,104.9,102.1,103.2,6868
2023-01-23,105,105,101,102.45,10138
2023-01-24,103,103.95,99.9,102.7,12867
2023-01-25,104.5,104.5,101.15,102.7,10243
2023-01-27,102.65,102.65,99,100.55,14872
2023-01-30,99,100.45,95.6,97.35,21169
2023-01-31,99.3,99.5,95,96.95,10780
2023-02-01,101.75,101.75,98.9,99.15,9195
2023-02-02,99.15,101,94.2,96.5,20003
2023-02-03,98.2,98.2,94.8,96.55,11065
2023-02-06,96.55,99,96.5,96.7,7993
2023-02-07,96,97,92.05,93.55,15177
2023-02-08,97,97,90,92.55,9517
2023-02-09,93.95,93.95,87.95,89.5,16543
2023-02-10,93.45,93.45,87.95,90.85,9092
2023-02-13,88,93.5,86.3,89.7,13250
2023-02-14,88,90,85.25,86.1,18591
2023-02-15,88.4,88.4,85.1,85.6,7804
2023-02-16,85.6,88,85.1,86.7,5204
2023-02-17,87,87.95,85.5,86.25,9582
2023-02-20,87.9,87.9,85.35,86.35,5046
2023-02-21,90,90,86.45,87.4,5688
2023-02-22,87.4,88.4,85,86.65,9205
2023-02-23,89,89,85,86.2,5997
2023-02-24,88.9,88.9,84.9,85.35,7304
2023-02-27,85.5,86.45,82,83,8396
2023-02-28,86.3,86.3,80.7,81.45,12323
2023-03-01,81.45,82.15,77.4,78.5,29711
2023-03-02,78.4,80.9,77.65,78.5,13914
2023-03-03,79.9,79.9,75.25,76.15,32810
2023-03-06,75,76.8,72.85,74.7,28333
2023-03-08,74.7,78.4,72.75,78.4,21621
2023-03-09,82.3,82.3,82.3,82.3,9412
2023-03-10,85.3,86.4,78.3,86.4,30831
2023-03-13,90.45,90.7,90.45,90.7,8518
2023-03-14,94.6,95.2,86.2,88.6,57843
2023-03-15,88.6,89,84.35,84.9,15798
2023-03-16,82,89.05,81.45,86.85,26955
2023-03-17,90.5,90.5,84.4,85.05,11727
2023-03-20,85.1,86.9,80.8,81.45,19848
2023-03-21,80.8,82.45,77.6,78.35,17504
2023-03-22,77,82.25,77,81.4,13420
2023-03-23,81.4,83.95,80,81,7702
2023-03-24,82.25,82.25,77.4,77.8,10793
2023-03-27,79,80.45,76.35,79,10733
2023-03-28,79.95,80.35,76.05,78.7,13191
2023-03-29,80,80,75.05,77,15744
2023-03-31,77.1,79.5,77,78.9,12270
2023-04-03,80.95,82.4,77.3,80.45,13032
2023-04-05,81.8,84.4,79.55,83.95,14178
2023-04-06,85.95,86.9,84.15,85.75,8985
2023-04-10,88,88,85.05,85.55,11246
2023-04-11,88,88,86.1,86.85,6379
2023-04-12,88.6,88.6,85.45,86.5,9866
2023-04-13,89.9,89.9,85.55,85.85,8941
2023-04-17,86.1,88.8,86.1,88.35,17318
2023-04-18,89.3,89.3,84,86.4,11933
2023-04-19,84.5,89.2,84.5,86.55,21369
2023-04-20,87.95,87.95,84.7,85.25,11407
2023-04-21,86.95,87,85,85.65,8941
2023-04-24,87.95,87.95,83.3,84.1,21947
2023-04-25,85.95,85.95,83,83.65,11376
2023-04-26,85.95,85.95,78,79.6,42228
2023-04-27,80.8,81.85,79.5,80.4,19615
2023-04-28,82.8,82.8,79.05,81.1,18507
2023-05-02,82.95,86.7,81.55,83.6,39530
2023-05-03,85.3,85.3,81.4,82.45,23676
2023-05-04,84.5,84.5,81.35,81.6,13720
2023-05-05,84.45,84.45,80.2,80.8,18216
2023-05-08,80.65,82.95,78.2,79.1,24536
2023-05-09,83,83,73,75.5,60270
2023-05-10,76.75,81.5,74.1,79.5,43657
2023-05-11,80.85,82.5,78.5,79.45,32494
2023-05-12,80.8,80.8,74.55,75.95,38840
2023-05-15,75.95,79.4,75.8,77.6,22064
2023-05-16,79.9,79.9,72.7,73.2,87724
2023-05-17,73,75.55,73,74.15,27487
2023-05-18,76,76,73.6,73.85,19454
2023-05-19,73.9,75.45,72.7,73.6,17264
2023-05-22,73.6,75.4,70.15,70.95,43148
2023-05-23,72.95,73.15,70.5,72.75,144129
2023-05-24,71.3,73.95,69.85,70.15,238384
2023-05-25,65.95,65.95,63.15,64.55,565431
2023-05-26,63,67.8,62.2,66.8,196743
2023-05-29,69,69,60.15,61.3,320525
2023-05-30,60,62.5,60,60.75,43151
2023-05-31,61,61,59.6,60.1,35371
2023-06-01,61.95,63,60.5,62.85,42936
2023-06-02,63.85,64.05,62.85,63.85,25549
2023-06-05,63.55,64.45,62.15,63.05,41501
2023-06-06,63.35,64,61.9,63.2,31614
2023-06-07,64,66.3,60.05,63.65,51091
2023-06-08,64.7,64.7,61.1,63.35,18895
2023-06-09,64.45,64.45,60.5,62.9,24531
2023-06-12,64,64,61,61.25,31530
2023-06-13,62.8,62.8,59.85,61.85,55726
2023-06-14,62.5,62.5,59.9,60,37416
2023-06-15,60,60.9,58.15,59.85,15280
2023-06-16,60,60,58,58.15,44990
2023-06-19,59.45,59.8,55.25,56.8,44204
2023-06-20,57.8,57.8,56.25,56.8,20849
2023-06-21,57.8,57.8,56.05,56.5,24308
2023-06-22,55,57.05,55,56.7,15344
2023-06-23,57.5,57.5,55.45,56,14071
2023-06-26,57,57.45,56,56.9,10964
2023-06-27,57,57,56.05,56.8,15353
2023-06-28,58,58,55.2,56.55,16000
2023-06-30,57.45,57.45,55,55.25,26281
2023-07-03,57,57,55.3,56.6,14543
2023-07-04,56.6,57,55.5,56.15,16660
2023-07-05,57.45,57.45,55.6,56.55,10926
2023-07-06,56.85,58,56,57.7,14859
2023-07-07,57,59,57,58.5,16625
2023-07-10,59,61,58.5,59.5,15604
2023-07-11,62,62,57,59.65,16217
2023-07-12,60,60,58,58.4,10720
2023-07-13,58.45,59.7,57.1,58.05,11136
2023-07-14,58.05,59.7,58.05,59,9004
2023-07-17,61.9,61.9,59.05,60.05,11037
2023-07-18,60.5,60.5,58,59.2,12485
2023-07-19,59.2,60.8,58.05,59.35,7090
2023-07-20,59.35,59.35,58.25,59.05,6256
2023-07-21,59.05,59.6,57.9,58.1,13660
2023-07-24,58,59.2,57,58.05,7397
2023-07-25,58.7,58.7,57.1,57.4,8375
2023-07-26,57,58,57,57.7,6253
2023-07-27,57.7,58,56,56.15,22824
2023-07-28,56.9,57,56.1,56.35,7076
2023-07-31,56.35,58.85,56.25,57.75,16178
2023-08-01,57.2,58.8,55.9,58.25,20570
2023-08-02,58.8,58.8,57.2,58.3,8781
2023-08-03,58.5,59.9,57.25,58.1,17122
2023-08-04,59,59.5,57.5,58.45,13936
2023-08-07,58.45,58.45,56.2,57.7,14567
2023-08-08,57.7,57.7,55.8,56.9,15361
2023-08-09,56.8,56.8,55,55.5,17913
2023-08-10,56,57.95,55.55,56,16266
2023-08-11,57.3,58,55.6,57.6,19410
2023-08-14,60.45,60.45,58.75,60.1,31330
2023-08-16,60.15,60.15,57.5,58.3,13664
2023-08-17,60,60,57.4,57.8,22690
2023-08-18,58,58,55.1,56.25,22574
2023-08-21,56.9,57.95,54.55,56.1,29960
2023-08-22,56.1,57,55.5,56.5,10254
2023-08-23,57.95,58.35,54.55,56,16223
2023-08-24,56.4,57.95,55,57.05,9246
2023-08-25,57,57.1,56,56.85,12044
2023-08-28,56,56.9,55,55.3,17088
2023-08-29,55.2,56.9,55,56.6,10986
2023-08-30,57.75,59.4,56.7,59.4,29240
2023-08-31,62.35,62.35,62.35,62.35,15702
2023-09-01,65.45,65.45,64,65.25,122035
2023-09-04,64.6,64.95,62,62.3,62188
2023-09-05,64.4,64.4,60,61.4,34553
2023-09-06,60,62.4,60,60.4,19762
2023-09-07,60.4,60.4,58,58.35,45516
2023-09-08,59.7,61.25,59,60.15,27973
2023-09-11,65,65,62,63.1,32467
2023-09-12,63.65,65,56.8,61.35,49007
2023-09-13,61.45,62.05,59.35,60.3,23573
2023-09-14,60,62,60,61.8,14556
2023-09-15,62.95,62.95,61,61.3,15601
2023-09-18,62,62,60.6,60.7,14843
2023-09-20,62,62,58.6,59.55,26119
2023-09-21,59,60.6,58.65,59.35,17568
2023-09-22,59,60.15,58.7,58.95,12363
2023-09-25,61.5,61.5,58.9,59.05,27873
2023-09-26,60,60.3,59,59.5,19178
2023-09-27,59.8,59.85,58.5,59.15,16895
2023-09-28,59.25,61.95,58.1,60.45,48484
2023-09-29,60.8,61.5,58.1,59.55,54574
2023-10-03,60,60,57.9,58.6,26622
2023-10-04,57.35,59.6,57.35,58.25,18585
2023-10-05,59.9,60.5,58.5,59.75,25758
2023-10-06,60,60.45,59.55,59.9,14852
2023-10-09,58.2,59.15,57,57.7,25221
2023-10-10,59.4,59.4,57.75,58.15,14426
2023-10-11,59,64.5,58,61.35,133542
2023-10-12,62.4,62.75,60.5,62.2,38485
2023-10-13,62.2,72.8,60.7,65.45,377741
2023-10-16,65.4,71.95,64.8,68.5,281562
2023-10-17,71,71.75,68.3,68.7,130735
2023-10-18,69.9,71.4,66.6,67,112977
2023-10-19,67,68.25,66.7,67.05,52462
2023-10-20,67,67.95,66.3,67,41384
2023-10-23,67.35,67.35,61.6,61.75,85188
2023-10-25,58.6,65.65,58.6,64.45,165049
2023-10-26,65.45,65.45,60,62.35,75487
2023-10-27,65,65.5,62.25,63.25,84047
2023-10-30,64,64,62.2,62.55,62664
2023-10-31,62.9,63.35,61.1,61.45,35419
2023-11-01,62.8,62.8,61.5,61.65,35388
2023-11-02,62.75,63.2,62,62.7,34239
2023-11-03,62.05,65.85,62,64.4,114648
2023-11-06,64.55,69.95,63.95,66.6,105491
2023-11-07,67,69.35,65,67.35,64042
2023-11-08,68.45,68.45,66,67.2,62244
2023-11-09,67.55,67.6,65,65.25,44893
2023-11-10,65.1,65.8,63.6,63.9,56729
2023-11-12,64,66.8,64,66.35,24723
2023-11-13,66.35,67.9,65.2,65.8,24061
2023-11-15,65.8,67,64.8,65.1,29225
2023-11-16,64.1,68,64.1,65.7,102555
2023-11-17,66.15,66.5,65.3,65.6,37659
2023-11-20,65.5,65.9,64,64.35,29877
2023-11-21,64.35,65.65,64.05,64.55,85375
2023-11-22,65.55,65.55,64,64.8,19448
2023-11-23,65.65,65.65,64,64.1,27313
2023-11-24,65,65,64,64.1,11007
2023-11-28,64.1,70,64.1,68.8,231961
2023-11-29,69.8,71.45,67.55,69,105515
2023-11-30,69.75,71,67.25,68.15,65356
2023-12-01,66.35,69.45,65.05,66.4,55830
2023-12-04,66.4,68.3,66.1,66.4,29429
2023-12-05,67.3,68,66.2,67.4,30427
2023-12-06,67.5,68.4,67.05,67.4,25645
2023-12-07,68.45,68.45,65.1,66,43559
2023-12-08,66.2,67.9,63.55,64.5,60865
2023-12-11,65.85,66.6,65,65.7,22622
2023-12-12,65.7,66.45,65,65.7,15873
2023-12-13,67,67,65.1,65.35,17306
2023-12-14,66,66,64.05,64.8,29398
2023-12-15,65,77.75,64.7,77.75,806658
2023-12-18,84.4,85.2,76.05,80.6,687550
2023-12-19,81.15,82.2,80.3,80.75,142014
2023-12-20,81.2,82.75,71.6,73.75,144212
2023-12-21,75.25,88.5,74.15,88.5,918533
2023-12-22,97.1,106.2,97.1,101,1791942
2023-12-26,104.5,118,102.05,113.6,1097702
2023-12-27,113.4,113.4,102.25,102.25,409519
2023-12-28,97.15,100,97.15,97.15,33869
2023-12-29,92.3,102,92.3,102,169636
2024-01-01,104.8,104.8,96.9,97.85,81107
2024-01-02,93.25,98.7,93.25,96.5,48096
2024-01-03,94.2,96.35,92.5,93.65,68736
2024-01-04,93.5,95.75,93.5,95,34858
2024-01-05,93,95,93,94.25,30113
2024-01-08,94.45,94.45,91.2,91.7,36928
2024-01-09,92.6,92.6,89,89.3,52584
2024-01-10,89.3,89.3,87.2,87.6,35385
2024-01-11,87.6,91.95,87.6,91.95,29730
2024-01-12,95.95,95.95,93.05,94.85,58651
2024-01-15,94,96,92.55,93.9,25405
2024-01-16,95.85,95.85,89.8,91.15,34633
2024-01-17,90.75,90.75,88,89.4,22559
2024-01-18,87,90,87,88.2,30919
2024-01-19,88.5,89.9,88,89.2,16247
2024-01-20,92.5,92.5,88.25,89.35,12884
2024-01-23,91.8,91.8,84.95,85.15,30635
2024-01-24,83,84.95,83,84.25,15962
2024-01-25,84,86.95,84,84.9,17523
2024-01-29,84.9,86.15,82.15,82.85,26512
2024-01-30,82.85,83.95,80.55,81.45,19187
2024-01-31,81,84.75,78.6,83.8,16839
2024-02-01,83.05,85,82.15,84.2,13743
2024-02-02,85.9,85.9,82.55,83.65,16071
2024-02-05,80.6,83.95,80.6,81.75,17399
2024-02-06,82.15,82.2,79.15,80.65,16994
2024-02-07,80.2,83,78,79.8,36248
2024-02-08,78.4,83.7,78.4,81.7,21445
2024-02-09,81.7,83.75,79.2,79.85,15335
2024-02-12,82,82,75.85,76.85,24265
2024-02-13,78,80.65,75.05,79.8,23034
2024-02-14,76.55,78.9,76.55,78.4,17054
2024-02-15,78.4,79.85,77.15,78.4,12278
2024-02-16,79.5,79.95,78.1,79.15,18704
2024-02-19,78.3,79.8,77.5,78.95,16479
2024-02-20,76.15,79.75,76.15,78.75,11778
2024-02-21,79,79.95,78,79,13380
2024-02-22,79,80,77.5,79.85,17183
2024-02-23,79.85,83.8,79.25,83.8,24819
2024-02-26,87.95,87.95,87.95,87.95,23862
2024-02-27,92.3,92.3,85.1,89.65,70821
2024-02-28,89.65,89.75,85.2,85.55,27553
2024-02-29,81.3,87,81.3,84.45,16555
2024-03-01,87.95,88,84,85.7,10627
2024-03-02,85,89.5,83.15,85.95,2859
2024-03-04,81.7,88.3,81.7,84.5,25889
2024-03-05,81.75,85.95,80.3,80.3,40724
2024-03-06,80.25,80.25,76.3,79.45,29067
2024-03-07,77.85,79.95,75.5,76.6,31782
2024-03-11,75.75,75.8,73,73.25,19087
2024-03-12,73,73,69.6,69.6,18827
2024-03-13,69.6,71.8,66.15,66.4,20622
2024-03-14,63.2,69.7,63.1,69.7,20759
2024-03-15,69.7,73.15,69.7,73.15,19158
2024-03-18,73.15,76.8,73,75,15258
2024-03-19,75,77,71.5,73.35,7868
2024-03-20,70.15,73,69.7,70.6,19633
2024-03-21,70.6,72,70.45,71.6,8450
2024-03-22,71.6,72.7,69.2,71.45,12618
2024-03-26,71.45,72,68.6,69.45,19748
2024-03-27,69.4,71.65,66.6,67.55,15221
2024-03-28,69.95,69.95,67,67.6,23062
2024-04-01,72.8,72.8,68.25,72.35,20458
2024-04-02,73.95,79.5,73.5,77.55,32055
2024-04-03,79,79.75,75.65,78.5,18074
2024-04-04,79.7,83,78.75,79.3,29400
2024-04-05,80.7,80.7,78,78.65,16664
2024-04-08,81.95,81.95,77.75,78.1,8728
2024-04-09,80.65,80.65,75,75.3,21390
2024-04-10,74.65,77.25,74.65,75.65,14269
2024-04-12,75.4,76.5,75,75.65,8148
2024-04-15,72.55,74.45,70.55,72.25,34849
2024-04-16,72.25,74.35,72.25,73.75,10642
2024-04-18,74.55,77.4,70.35,72.9,23130
2024-04-19,72.25,74.9,71.9,72.3,13842
2024-04-22,75.4,75.4,72.15,72.75,8085
2024-04-23,72.65,73.95,72.15,73.35,21958
2024-04-24,72.5,74.95,72.5,74.7,13317
2024-04-25,74.9,75.15,73.55,73.8,15161
2024-04-26,73.8,74,72.65,73.7,6760
2024-04-29,76,76,73.8,75.15,23043
2024-04-30,79.9,79.9,76,78.4,46258
2024-05-02,79.8,80,77.55,78.25,20232
2024-05-03,79.85,79.85,76.8,77.75,17824
2024-05-06,78.5,80,77.1,79.3,37431
2024-05-07,80,80.9,77.3,77.55,32608
2024-05-08,78.7,79.4,76,76.75,18198
2024-05-09,76.9,76.9,72.6,74.1,17518
2024-05-10,73.15,74.55,73.15,73.25,8057
2024-05-13,73.25,73.25,69.85,72.7,14626
2024-05-14,72.75,75.5,72.75,74.75,11216
2024-05-15,76.3,77,73,75.6,23168
2024-05-16,76.5,80,75,79.25,44651
2024-05-17,77.7,80,77.7,79.5,26875
2024-05-18,79.35,79.35,77.3,77.95,2776
2024-05-21,80,83,77.8,82.35,95333
2024-05-22,85,90.55,83.05,90.55,228071
2024-05-23,94.5,99.4,93,95.3,293117
2024-05-24,95.3,95.3,86.3,87.6,158788
2024-05-27,89,95,89,94.2,137782
2024-05-28,94.2,94.7,88.6,89.55,46349
2024-05-29,89.35,92.25,86.5,88.85,27692
2024-05-30,87.25,91.15,87.25,88.6,27133
2024-05-31,86.55,93.5,86.55,88.55,34372
2024-06-03,93,94.45,88.3,89.65,66309
2024-06-04,93.6,93.6,80.7,85.15,66527
2024-06-05,81.1,87.9,81.1,86.4,19582
2024-06-06,85,90.2,85,86.4,12027
2024-06-07,86.9,95,85.5,93.95,138285
2024-06-10,94.01,102.25,92.75,101.86,370187
2024-06-11,102.6,103.26,96.03,99.31,239085
2024-06-12,97.33,102,95.51,97.01,70867
2024-06-13,96.5,104.65,95.51,102.18,178128
2024-06-14,104,106.25,100,104.88,442037
2024-06-18,105.9,106.5,101.03,102.33,163931
2024-06-19,102.5,104.5,99,102.24,91342
2024-06-20,102.24,103,98,101.14,44637
2024-06-21,100,102,97,97.52,39050
2024-06-24,97.5,100,96,97.73,20573
2024-06-25,97.73,99,96,96.62,13557
2024-06-26,96.62,98,91.9,93.42,30800
2024-06-27,93.6,96,88.74,93.89,32517
2024-06-28,95,96,90.11,92.5,29191
2024-07-01,92.5,93,88.01,90.24,58034
2024-07-02,88.5,91.9,85.72,90.96,36875
2024-07-03,92,95.45,88.9,93.99,44112
2024-07-04,93.99,98.66,89.3,98.4,71265
2024-07-05,98.7,98.7,94,95.51,18305
2024-07-08,96.99,97.5,92.01,95.05,27821
2024-07-09,90.29,95.05,90.29,93.58,11694
2024-07-10,94.9,94.9,92,93.15,13341
2024-07-11,95.15,95.15,92.1,93.37,7777
2024-07-12,93,94.99,90,91.32,25034
2024-07-15,94.84,94.84,90.01,91.13,14584
2024-07-16,89.05,95.68,89.05,95.68,50980
2024-07-18,95.9,100.46,94.55,100.46,116569
2024-07-19,100.45,104,98.22,102.74,152698
2024-07-22,103.7,104,100,102.38,50368
2024-07-23,102.43,106,97.26,103.07,129916
2024-07-24,104.93,105.06,100,103.65,44198
2024-07-25,104,108.75,100.8,107.91,173582
2024-07-26,109.95,113.3,108.84,113.3,143109
2024-07-29,116,118.89,114,115.49,121264
2024-07-30,119,119,112.6,113.97,44394
2024-07-31,113.97,113.97,109.4,112.71,53416
2024-08-01,110.46,112.71,107.4,107.94,27625
2024-08-02,107.94,113.33,103,113.07,54265
2024-08-05,112.8,113.07,107.41,108.91,50348
2024-08-06,113,113,103.51,106.1,44136
2024-08-07,107.35,111.4,104,111.4,36532
2024-08-08,113.4,115,107,113.12,36158
2024-08-09,113.12,116.5,109,114.79,49603
2024-08-12,116,116,111,115.02,56885
2024-08-13,111.05,117.8,111.05,112.57,33310
2024-08-14,110.5,115,108.5,108.8,15207
2024-08-16,110,114,109,111.13,28284
2024-08-19,115,115,109.11,111.29,10620
2024-08-20,107,114,107,113.37,23163
2024-08-21,114,115,109.5,114.22,22268
2024-08-22,114.95,114.95,110.55,113.43,18939
2024-08-23,114.79,114.79,110.01,110.56,15230
2024-08-26,109,113,108.5,110.25,22508
2024-08-27,112.5,113,109,111.25,14750
2024-08-28,114,114,109,110.56,55856
2024-08-29,113.05,113.49,110,111.91,40701
2024-08-30,113.85,113.85,110,110.87,20556
2024-09-02,112,116.41,112,116.4,707315
2024-09-03,117.8,122.22,117,122.21,764138
2024-09-04,124.85,124.9,116.09,116.09,194282
2024-09-05,110.28,110.28,110.28,110.28,65374
2024-09-06,104.76,108,104.76,104.76,86341
2024-09-09,99.52,109.99,99.52,109.99,282228
2024-09-10,115.48,115.48,107.1,115.48,175684
2024-09-11,120,120.32,109.7,112.15,160980
2024-09-12,109,113.99,109,109.32,56432
2024-09-13,112.4,112.4,108,109.64,56302
2024-09-16,112.5,112.5,107,110.25,51224
2024-09-17,107.05,112,106.1,110.4,61088
2024-09-18,111.3,111.3,107,108.77,55375
2024-09-19,108.9,110.65,104.5,107.1,36239
2024-09-20,109.4,109.4,106.07,107.78,38579
2024-09-23,109.5,112,104.3,105.46,56548
2024-09-24,108.73,111,104.5,109.73,179286
2024-09-25,108.5,110,105.26,105.72,67582
2024-09-26,106.02,106.07,102,103.34,33835
2024-09-27,104.22,105.29,102.81,103.19,28481
2024-09-30,102.99,102.99,95.42,100.12,103973
2024-10-01,100.1,105,97.81,103.2,87445
2024-10-03,101.24,103.18,95.2,99.95,37367
2024-10-04,100,102.29,96,100.84,95291
2024-10-07,98.55,100.19,90.75,92.76,73405
2024-10-08,92.55,105.5,92.55,101.21,118222
2024-10-09,103.5,107.23,95.4,96.82,146784
2024-10-10,98.96,101.99,97.01,100.11,32248
2024-10-11,100.25,101.15,97.5,99.78,15681
2024-10-14,99.78,101.3,98.12,100.76,65660
2024-10-15,103,103.7,97.02,98.45,42234
2024-10-16,98.45,102,96.21,100.56,81664
2024-10-17,101,101.07,97,97.98,25138
2024-10-18,97.98,98.98,94.41,98.07,24033
2024-10-21,98.07,101.03,95,95.65,85570
2024-10-22,95,96.51,90.41,95.05,48096
2024-10-23,94,95.79,91,91.75,28655
2024-10-24,92,92.9,86.6,89.67,68060
2024-10-25,90.9,91.46,84,85.82,49724
2024-10-28,85.01,102.98,85.01,102.98,407651
2024-10-29,103.61,105.73,97.11,100.82,679235
2024-10-30,98.61,103,96.05,98.53,92712
2024-10-31,97.59,101.39,95.41,96.88,43994
2024-11-01,99.5,100,97.51,99.13,21266
2024-11-04,100.95,100.95,97.01,97.98,29368
2024-11-05,97,99,96.5,98.28,43901
2024-11-06,98.28,98.85,96.51,98.13,37863
2024-11-07,98,99.88,96,98.66,56821
2024-11-08,98.99,98.99,93.17,95.89,33043
2024-11-11,95.9,97.82,93.98,95.19,19423
2024-11-12,95,97.29,90.1,92.26,30986
2024-11-13,91.03,95.69,90.59,91.71,24770
2024-11-14,91.01,93.88,90.62,92.83,21419
2024-11-18,94.97,111,93.01,104.44,499356
2024-11-19,105,115.5,101.1,108.31,1271520
2024-11-21,102,102,96.4,97.48,202989
2024-11-22,96,98.55,91.99,92.66,170297
2024-11-25,93.03,95.45,92.27,92.99,103155
2024-11-26,93.9,94.99,92.5,93.62,56694
2024-11-27,93.5,94.34,90.21,92.91,55685
2024-11-28,93.3,96.29,92.11,93.86,83586
2024-11-29,94.69,95.93,92.75,93.62,40443
2024-12-02,94.3,99.26,93,96.28,119999
2024-12-03,97.5,98.1,95.81,96.62,44078
2024-12-04,98,106.6,97.89,102.23,262744
2024-12-05,102.61,105.8,102,102.7,161415
2024-12-06,102.7,102.97,99.28,99.98,57532
2024-12-09,99.8,99.98,97.21,97.77,59453
2024-12-10,97.77,102.29,96.71,101.07,57888
2024-12-11,101.9,102,99.31,99.49,31255
2024-12-12,98.5,99.7,98.02,98.63,24904
2024-12-13,98.95,101.98,96.71,100.18,41401
2024-12-16,101.1,104,100.01,103.38,93912
2024-12-17,104,105.95,101,102.85,84634
2024-12-18,104,104,99.11,100.41,54753
2024-12-19,99.99,100.94,98.35,99.5,26736
2024-12-20,99.38,101,99,99.36,34304
2024-12-23,102.5,102.5,98.2,99.17,25975
2024-12-24,101,101,98,99.92,54895
2024-12-26,100.89,104,99.02,102.91,139812
2024-12-27,103,109.04,101.8,107.84,272668
2024-12-30,110.8,110.8,102,102.53,115527
2024-12-31,102.5,109.46,100.52,108.05,159352
2025-01-01,108.05,109,105.12,107.97,158054
2025-01-02,107.96,109,105.15,107.85,179653
2025-01-03,108.95,109,102.41,103.66,81033
2025-01-06,103.67,103.67,96.25,98.02,94443
2025-01-07,99,100.99,97.61,99.14,40719
2025-01-08,100.65,101.45,97.01,97.83,48548
2025-01-09,97.5,99.8,94.5,95.36,32160
2025-01-10,96.01,99.7,94.41,96.63,46682
2025-01-13,97.9,97.9,91,91.58,36066
2025-01-14,91.58,95,91.58,94.25,14871
2025-01-15,95.75,98.1,92.8,96.95,23304
2025-01-16,97.96,97.96,94.82,95.95,25350
2025-01-17,95.99,98.88,94.6,97.06,23080
2025-01-20,97.06,97.67,94.73,96.19,16254
2025-01-21,95.5,99.79,95.5,98.92,56859
2025-01-22,99.5,112.5,98.3,100.88,574548
2025-01-23,101.3,104.99,98.69,100.14,55561
2025-01-24,100.89,100.89,96.21,96.91,56114
2025-01-27,95.6,95.83,90.2,91.29,36039
2025-01-28,92.3,93.49,85.46,90.4,83694
2025-01-29,89.05,94,88.99,92.34,19701
2025-01-30,94.19,97,88.2,90.3,93332
2025-01-31,90.78,94.99,89,93.63,21843
2025-02-01,94.1,97,93.3,94.06,10295
2025-02-03,92.65,94,90.2,93.06,35213
2025-02-04,93,103.7,91.21,101.25,198433
2025-02-05,101.25,104,99.6,101.34,42639
2025-02-06,101.39,102.2,98,98.8,22182
2025-02-07,97.31,99.39,96.82,97.11,21667
2025-02-10,97.11,103.7,97.11,99.11,47765
2025-02-11,115,118.93,103.35,112.1,3520996
2025-02-12,104.8,104.8,89.68,89.68,1074276
2025-02-13,82.5,85.66,71.74,71.74,1617768
2025-02-14,69.05,74.39,60.65,70.33,909671
2025-02-17,74,75.68,69.65,73.14,266549
2025-02-18,72.2,86.45,67.99,81.85,791620
2025-02-19,79.7,85.9,77.5,81.17,216486
2025-02-20,80.79,85.99,80,82.94,141815
2025-02-21,83.89,84,80.15,81.26,73026
2025-02-24,80.79,80.79,77.5,78.85,59202
2025-02-25,78,80.29,76.24,77.84,122572
2025-02-27,77.05,78.48,73.96,75.6,93844
2025-02-28,75.95,75.95,69.7,71.17,53677
2025-03-03,71.51,75.47,69.43,74.56,104374
2025-03-04,73.4,76.4,71.96,75.57,55948
2025-03-05,74.06,80.7,74.06,79.78,80355
2025-03-06,81.75,82.55,78,79.45,289183
2025-03-07,79,80.98,78.99,79.53,382347
2025-03-10,79.52,79.52,76.3,76.53,18489
2025-03-11,76.53,79,71.6,74.2,59606
2025-03-12,75.04,78.99,75,78.23,69137
2025-03-13,78.99,78.99,74.61,76.34,69090
2025-03-17,75.11,78,75.11,76.57,35393
2025-03-18,76.99,81.94,76.52,79.66,70312
2025-03-19,79,80,78.5,79.48,25068
2025-03-20,79.9,81.9,78.26,79.18,32401
2025-03-21,77.61,79.78,77.1,77.85,39519
2025-03-24,77.6,79.31,74.66,77.35,113609
2025-03-25,77.18,77.2,75.56,75.95,36234
2025-03-26,76.05,77.27,74,74.16,106016
2025-03-27,76.6,77.95,72.51,76.74,122369
2025-03-28,76,77.04,73,74.59,68315
2025-04-01,75.99,76.39,74.6,75.71,15982
2025-04-02,75.01,77.09,74.7,75.83,29162
2025-04-03,75.66,82,74.38,77.82,57746
2025-04-04,77,77,75,75.1,25861
2025-04-07,73,73,69,70.15,63570
2025-04-08,70.1,75.58,70.1,74.68,34332
2025-04-09,74.99,74.99,72.41,72.7,21133
2025-04-11,72.1,74.41,72.1,73.94,9453
2025-04-15,73.25,77.95,73.25,76.96,49094
2025-04-16,76.96,78.09,76.22,77.16,18582
2025-04-17,76.1,77.95,76.1,76.78,20591
2025-04-21,78,79.9,76.99,79.05,41162
2025-04-22,79.49,86,79.49,82.38,116046
2025-04-23,82.99,84.51,79.51,82.87,50019
2025-04-24,82.99,84.5,81.45,82.57,23587
2025-04-25,82.57,82.57,78.3,80.12,68172
2025-04-28,80.12,83,78.77,80.98,22907
2025-04-29,80.99,82.14,80,80.8,26879
2025-04-30,82.49,82.49,78.75,79.86,33148
2025-05-02,78.4,80.45,77,77.56,23055
2025-05-05,77.6,79.66,77.6,78.3,18859
2025-05-06,78.3,79.4,76.3,77.71,34120
2025-05-07,75,82,75,79.4,25341
2025-05-08,80.75,80.75,77.2,78.13,15283
2025-05-09,75,79.9,75,79.08,43176
2025-05-12,79.99,81,78.6,79.5,18209
2025-05-13,79.5,83.49,79.22,81.86,70040
2025-05-14,81.1,84,79.71,81.15,41349
2025-05-15,81,83,81,82.27,58311
2025-05-16,82.98,82.98,79.57,80.68,24829
2025-05-19,80.21,81.49,79.51,79.66,22234
2025-05-20,79.66,81,79,79.13,18122
2025-05-21,79.6,80.08,76.91,78.04,25246
2025-05-22,78.04,81.5,77.06,78.42,39502
2025-05-23,79.99,79.99,76.99,78.33,28280
2025-05-26,75.34,78.19,75.34,76.96,45475
2025-05-27,75.91,78.19,75.91,76.57,30777
2025-05-28,76.61,78.32,76.5,76.88,22974
2025-05-29,78.4,78.96,76.1,76.87,27935
2025-05-30,77.86,77.86,76,76.69,17333
2025-06-02,76.22,77.29,75.41,76.75,40007
2025-06-03,76.75,78.73,76.51,77.49,21596
2025-06-04,77.99,78.1,77,77.18,19114
2025-06-05,77.9,77.9,75.01,75.9,27472
2025-06-06,75.99,76.88,75.22,76.29,10756
2025-06-09,76.88,76.88,75.11,75.72,129001
2025-06-10,76.99,76.99,75.65,75.88,136794
2025-06-11,75.4,78.01,75.01,76.31,188979
2025-06-12,77.98,77.98,74.05,74.9,145852
2025-06-13,75.07,76.48,74.94,75.19,122116
2025-06-16,73.55,75.3,73.55,74.35,131520
2025-06-17,74.35,88.4,74.34,81.71,1272711
2025-06-18,80.1,85.82,78.7,82.66,637503
2025-06-19,81.9,83.81,79.85,80.43,156045
2025-06-20,80.7,83.66,78.12,79.09,96749
2025-06-23,78,80.2,77.61,78.19,48028
2025-06-24,78.65,83.79,78.65,78.94,122371
2025-06-25,79.75,80.99,78.71,79.43,44019
2025-06-26,80,80,79,79.23,28602
2025-06-27,80.25,80.25,75.35,77.44,48970
2025-06-30,77.98,78.4,77.05,77.47,37059
2025-07-01,77.99,78.25,76.91,77.41,139164
2025-07-02,78.25,78.34,77,77.5,17871
2025-07-03,77.42,81.81,77.42,78.68,98379
2025-07-04,79,79.12,77.55,78.46,35057
2025-07-07,78.46,80.95,78.07,79,24917
2025-07-08,79.09,80.5,77.59,79.59,128024
2025-07-09,79.15,79.15,77.75,77.96,27716
2025-07-10,77.96,78.51,77.1,77.64,25712
2025-07-11,76.25,77.78,76,76.12,26235
2025-07-14,76.12,77.87,75.78,76.53,10591
2025-07-15,77.57,77.77,75.74,75.85,27738
2025-07-16,75.85,76.96,75.85,76.58,7305
2025-07-17,78,78.19,76.59,77.33,23972
2025-07-18,78.67,78.67,74.8,75.12,44941
2025-07-21,76.2,76.2,73.87,74.4,32272
2025-07-22,74.4,76.75,74.4,76.33,49844
2025-07-23,76.95,79.9,75.62,77.81,162233
2025-07-24,78.1,78.1,75.99,76.34,24056
2025-07-25,76.35,76.35,73.57,74.05,34610
2025-07-28,74.05,75.28,69.3,70.89,36444
2025-07-29,70.89,72.89,69.75,69.97,47924
2025-07-30,71,73.95,69.51,72.99,124345
2025-07-31,73.27,73.8,71.01,73.14,72776
2025-08-01,71.81,72.95,71,72.02,77223
2025-08-04,73.89,73.89,71,72.47,42825
2025-08-05,73.05,75.22,72.11,73.09,55063
2025-08-06,73.5,74.48,71.55,72.83,41938
2025-08-07,73,73,70.2,70.86,35992
2025-08-08,71.89,72,69.55,70.17,22014
2025-08-11,70.17,73.77,70.17,72.48,29369
2025-08-12,73.39,73.5,70.5,70.73,14027
2025-08-13,70.6,72.89,69.8,69.98,19456
2025-08-14,69.55,72.58,69.2,71.64,49261
2025-08-18,72.4,72.4,69.99,71.9,27785
2025-08-19,72.4,72.4,70.97,71.92,11686
2025-08-20,71.32,71.49,70.71,71.29,16186
2025-08-21,72.46,72.46,69.7,70.91,18803
2025-08-22,71.8,72,69.8,71.22,14189
2025-08-25,71.88,71.88,70,70.39,9316
2025-08-26,70.33,70.33,67.85,68.08,28152
2025-08-28,67.9,69.95,67.72,68.67,18501
2025-08-29,68.74,70.97,67.12,67.63,17868
2025-09-01,67.7,71.55,67.63,69.99,27820
2025-09-02,71.31,71.31,69,69.15,16225
2025-09-03,69.04,71.1,68.9,70.11,14904
